Id,class_0,class_1
00eed32682bb,0.8240616126603664,0.17593838733963363
010ebe33f668,0.8240616126603664,0.17593838733963363
02fa521e1838,0.8240616126603664,0.17593838733963363
040e15f562a2,0.8240616126603664,0.17593838733963363
046e85c7cc7f,0.8240616126603664,0.17593838733963363
